"","prob.vec","unique.vec"
"1",0.0895092244288376,71
"2",0.0416014630423487,21
"3",0.000135526866046741,81
"4",0.0183890906570341,22
"5",0.000186652281049121,82
"6",0,52
"7",9.30932103897362e-05,90
"8",0.839411641766156,95
"9",0.008201563746496,11
"10",0.00113535095386882,23
"11",2.54130359353987e-07,24
"12",2.15795771559188e-08,31
"13",4.7628279592764e-07,42
"14",0,43
"15",0.00133564105504122,41
