"","prob.vec","unique.vec"
"1",0.000190599471022602,82
"2",0.000137381507119534,81
"3",0.0171763850290421,22
"4",0.0409668953887486,21
"5",0.84127339778103,95
"6",0.0904228090153595,71
"7",0.00107467163071115,23
"8",2.26076596620574e-08,31
"9",0.00780107543174694,11
"10",0,52
"11",8.17116019466783e-05,90
"12",2.3297261774669e-07,24
"13",0.000874400023604984,41
"14",4.17539390229982e-07,42
"15",0,43
