"","prob.vec","unique.vec"
"1",0.492907704180661,71
"2",0.0229200558323548,21
"3",0.00121164837712576,81
"4",0.00298251755119753,22
"5",0.00331905655098251,82
"6",0,52
"7",0.00110717049274801,90
"8",0.464833013310106,95
"9",0.0104858018412169,11
"10",0.000189879353348991,23
"11",0,24
"12",0,31
"13",0,42
"14",0,43
"15",4.31525102585268e-05,41
